Date,Purchase,Sale,Transfer
1/3/2019,"26,175","26,925","26,241"
2/3/2019,"26,175","26,925","26,241"
3/3/2019,"26,175","26,925","26,241"
4/3/2019,"26,163","26,913","26,229"
5/3/2019,"26,094","26,844","26,159"
6/3/2019,"26,013","26,763","26,078"
7/3/2019,"26,036","26,786","26,101"
8/3/2019,"25,758","26,506","25,823"
9/3/2019,"25,758","26,506","25,823"
10/3/2019,"25,758","26,506","25,823"
11/3/2019,"25,840","26,588","25,904"
12/3/2019,"25,909","26,657","25,974"
13/03/2019,"25,990","26,738","26,055"
14/03/2019,"26,071","26,821","26,136"
15/03/2019,"26,043","26,793","26,108"
16/03/2019,"26,043","26,793","26,108"
17/03/2019,"26,043","26,793","26,108"
18/03/2019,"26,070","26,820","26,136"
19/03/2019,"26,117","26,867","26,182"
20/03/2019,"26,128","26,878","26,194"
21/03/2019,"26,323","27,073","26,389"
22/03/2019,"26,175","26,925","26,241"
23/03/2019,"26,175","26,925","26,241"
24/03/2019,"26,175","26,925","26,241"
25/03/2019,"26,002","26,750","26,067"
26/03/2019,"26,047","26,797","26,113"
27/03/2019,"25,932","26,680","25,997"
28/03/2019,"25,886","26,634","25,951"
29/03/2019,"25,851","26,599","25,916"
30/03/2019,"25,851","26,599","25,916"
31/03/2019,"25,851","26,599","25,916"
1/4/2019,"25,840","26,588","25,904"
2/4/2019,"25,770","26,518","25,835"
3/4/2019,"25,828","26,576","25,893"
4/4/2019,"25,886","26,634","25,951"
5/4/2019,"25,840","26,588","25,904"
6/4/2019,"25,840","26,588","25,904"
7/4/2019,"25,840","26,588","25,904"
8/4/2019,"25,816","26,564","25,881"
9/4/2019,"25,920","26,658",
10/4/2019,"25,909","26,657","25,974"
11/4/2019,"25,956","26,704","26,020"
12/4/2019,"25,979","26,727","26,043"
13/04/2019,"25,979","26,727","26,043"
14/04/2019,"25,979","26,727","26,043"
15/04/2019,"25,979","26,727","26,043"
16/04/2019,"26,002","26,750","26,067"
17/04/2019,"26,024","26,774","26,090"
18/04/2019,"26,002","26,750","26,067"
19/04/2019,"25,889","26,637","25,954"
20/04/2019,"25,889","26,637","25,954"
21/04/2019,"25,889","26,637","25,954"
22/04/2019,"25,899","26,647","25,964"
23/04/2019,"25,911","26,659","25,976"
24/04/2019,"25,873","26,621","25,937"
25/04/2019,"25,750","26,498","25,814"
26/04/2019,"25,712","26,466","25,778"
27/04/2019,"25,712","26,466","25,778"
28/04/2019,"25,712","26,466","25,778"
29/04/2019,"25,712","26,466","25,778"
30/04/2019,"25,712","26,466","25,778"
1/5/2019,"25,712","26,466","25,778"
2/5/2019,"25,858","26,606","25,923"
3/5/2019,"25,770","26,518","25,835"
4/5/2019,"25,770","26,518","25,835"
5/5/2019,"25,770","26,518","25,835"
6/5/2019,"25,848","26,608","25,912"
7/5/2019,"25,954","26,714","26,019"
8/5/2019,"25,958","26,718","26,022"
9/5/2019,"26,000","26,772","26,065"
10/5/2019,"25,947","26,745","26,009"
11/5/2019,"25,947","26,745","26,009"
12/5/2019,"25,947","26,745","26,009"
13/05/2019,"25,979","26,775","26,089"
14/05/2019,"26,065","26,867","26,127"
15/05/2019,"25,917","26,733","26,011"
16/05/2019,"25,938","26,718","26,003"
17/05/2019,"25,936","26,750","26,024"
18/05/2019,"25,936","26,750","26,024"
19/05/2019,"25,936","26,750","26,024"
20/05/2019,"25,927","26,729","26,003"
21/05/2019,"25,913","26,713","25,988"
22/05/2019,"25,917","26,717","25,991"
23/05/2019,"25,887","26,679","25,955"
24/05/2019,"25,958","26,790","26,063"
25/05/2019,"26,002","26,790","26,063"
26/05/2019,"26,002","26,790","26,063"
27/05/2019,"26,015","26,831","26,103"
28/05/2019,"25,992","26,768","26,041"
29/05/2019,"25,950","26,740","26,015"
30/05/2019,"25,888","26,696","25,971"
31/05/2019,"25,854","26,688","25,963"
1/6/2019,"25,854","26,688","25,963"
2/6/2019,"25,854","26,688","25,963"
3/6/2019,"25,944","26,788","26,060"
4/6/2019,"26,141","26,941","26,209"
5/6/2019,"26,137","26,961","26,229"
6/6/2019,"26,077","26,891","26,161"
7/6/2019,"26,170","27,004","26,271"
8/6/2019,"26,170","27,004","26,271"
9/6/2019,"26,170","27,004","26,271"
10/6/2019,"26,236","27,010","26,276"
11/6/2019,"26,193","27,013","26,279"
12/6/2019,"26,138","26,832","26,150"
13/06/2019,"26,037","26,743","26,064"
14/06/2019,"26,000","26,714","26,035"
15/06/2019,"25,848","26,574","25,872"
16/06/2019,"25,848","26,574","25,872"
17/06/2019,"25,889","26,673","25,995"
18/06/2019,"25,851","26,617","25,941"
19/06/2019,"25,809","26,501","25,828"
20/06/2019,"25,960","26,688","26,009"
21/06/2019,"25,994","26,714","26,035"
22/06/2019,"25,994","26,714","26,035"
23/06/2019,"25,994","26,714","26,035"
24/06/2019,"26,196","26,914","26,231"
25/06/2019,"26,254","27,206","26,414"
26/06/2019,"26,172","27,132","26,342"
27/06/2019,"26,168","27,138","26,348"
28/06/2019,"26,165","26,999","26,286"
29/06/2019,"26,223","27,059","26,373"
30/06/2019,"26,223","27,059","26,373"
1/7/2019,"26,114","26,938","26,264"
2/7/2019,"25,902","26,764","25,992"
3/7/2019,"25,927","26,867","26,086"
4/7/2019,"25,930","26,880","26,098"
5/7/2019,"25,915","26,869","26,087"
6/7/2019,"25,915","26,869","26,087"
7/7/2019,"25,915","26,869","26,087"
8/7/2019,"25,791","26,733","25,955"
9/7/2019,"25,717","26,681","25,905"
10/7/2019,"25,703","26,653","25,877"
11/7/2019,"25,842","26,800","26,021"
12/7/2019,"25,821","26,779","26,000"
13/07/2019,"25,857","26,745","26,013"
14/07/2019,"25,857","26,745","26,013"
15/07/2019,"25,845","26,779","26,001"
16/07/2019,"25,815","26,761","25,983"
17/07/2019,"25,715","26,639","25,865"
18/07/2019,"25,799","26,745","25,967"
19/07/2019,"25,886","26,814","26,034"
20/07/2019,"25,886","26,814","26,034"
21/07/2019,"25,886","26,814","26,034"
22/07/2019,"25,754","26,688","25,912"
23/07/2019,"25,754","26,688","25,912"
24/07/2019,"25,557","26,501","25,725"
25/07/2019,"25,540","26,480","25,710"
26/07/2019,"25,571","26,503","25,733"
27/07/2019,"25,571","26,503","25,733"
28/07/2019,"25,571","26,503","25,733"
29/07/2019,"25,549","26,447","25,678"
30/07/2019,"25,540","26,470","25,701"
31/07/2019,"25,560","26,494","25,724"
1/8/2019,"25,320","26,238","25,475"
2/8/2019,"25,448","26,362","25,596"
3/8/2019,"25,448","26,362","25,596"
4/8/2019,"25,448","26,362","25,596"
5/8/2019,"25,586","26,510","25,740"
6/8/2019,"25,827","26,727","25,950"
7/8/2019,"25,719","26,669","25,894"
8/8/2019,"25,709","26,655","25,879"
9/8/2019,"25,661","26,527","25,754"
10/8/2019,"25,661","26,527","25,754"
11/8/2019,"25,661","26,527","25,754"
12/8/2019,"25,694","26,616","25,843"
13/08/2019,"25,705","26,613","25,839"
14/08/2019,"25,633","26,577","25,805"
15/08/2019,"25,555","26,487","25,717"
16/08/2019,"25,456","26,396","25,629"
17/08/2019,"25,456","26,396","25,629"
18/08/2019,"25,456","26,396","25,629"
19/08/2019,"25,424","26,374","25,601"
20/08/2019,"25,420","26,348","25,582"
21/08/2019,"25,435","26,361","25,595"
22/08/2019,"25,416","26,350","25,584"
23/08/2019,"25,400","26,324","25,559"
24/08/2019,"25,400","26,324","25,559"
25/08/2019,"25,400","26,324","25,559"
26/08/2019,"25,514","26,474","25,694"
27/08/2019,"25,469","26,385","25,617"
28/08/2019,"25,440","26,362","25,596"
29/08/2019,"25,399","26,343","25,576"
30/08/2019,"25,326","26,258","25,494"
31/08/2019,"25,326","26,258","25,494"
1/9/2019,"25,326","26,258","25,494"
2/9/2019,"25,326","26,258","25,494"
3/9/2019,"25,087","26,001","25,246"
4/9/2019,"25,165","26,075","25,317"
5/9/2019,"25,293","26,221","25,459"
6/9/2019,"25,291","26,225","25,463"
7/9/2019,"25,291","26,225","25,463"
8/9/2019,"25,291","26,225","25,463"
9/9/2019,"25,290","26,222","25,434"
10/9/2019,"25,335","26,271","25,471"
11/9/2019,"25,320","26,260","25,471"
12/9/2019,"25,263","26,181","25,395"
13/09/2019,"25,461","26,407","25,615"
14/09/2019,"25,461","26,407","25,615"
15/09/2019,"25,461","26,407","25,615"
16/09/2019,"25,413","26,343","25,553"
17/09/2019,"25,290","26,184","25,398"
18/09/2019,"25,405","26,351","25,560"
19/09/2019,"25,302","26,266","25,474"
20/09/2019,"25,344","26,276","25,486"
21/09/2019,"25,344","26,276","25,486"
22/09/2019,"25,344","26,276","25,486"
23/09/2019,"25,174","26,164","25,423"
24/09/2019,"25,196","26,124","25,340"
25/09/2019,"25,240","26,162","25,376"
26/09/2019,"25,113","26,029","25,247"
27/09/2019,"25,021","25,955","25,175"
28/09/2019,"25,021","25,955","25,175"
29/09/2019,"25,021","25,955","25,175"
30/09/2019,"25,088","25,996","25,216"
1/10/2019,"24,951","25,863","25,086"
2/10/2019,"25,016","26,002","25,196"
3/10/2019,"25,127","26,113","25,307"
4/10/2019,"25,153","26,051","25,268"
5/10/2019,"25,153","26,051","25,268"
6/10/2019,"25,153","26,051","25,268"
7/10/2019,"25,152","26,120","25,332"
8/10/2019,"25,177","26,081","25,298"
9/10/2019,"25,176","26,086","25,302"
10/10/2019,"25,249","26,105","25,321"
11/10/2019,"25,245","26,167","25,381"
12/10/2019,"25,245","26,167","25,381"
13/10/2019,"25,245","26,167","25,381"
14/10/2019,"25,262","26,186","25,400"
15/10/2019,"25,270","26,234","25,446"
16/10/2019,"25,310","26,272","25,484"
17/10/2019,"25,406","26,346","25,554"
18/10/2019,"25,512","26,458","25,663"
19/10/2019,"25,512","26,458","25,663"
20/10/2019,"25,512","26,458","25,663"
21/10/2019,"25,577","26,527","25,730"
22/10/2019,"25,559","26,517","25,721"
23/10/2019,"25,512","26,450","25,656"
24/10/2019,"25,527","26,467","25,673"
25/10/2019,"25,490","26,398","25,606"
26/10/2019,"25,490","26,398","25,606"
27/10/2019,"25,490","26,398","25,606"
28/10/2019,"25,400","26,340","25,550"
29/10/2019,"25,431","26,505","25,585"
30/10/2019,"25,476","26,532","25,610"
31/10/2019,"25,594","26,658","25,732"
1/11/2019,"25,599","26,641","25,715"
2/11/2019,"25,599","26,641","25,715"
3/11/2019,"25,599","26,641","25,715"
4/11/2019,"25,617","26,547","25,750"
5/11/2019,"25,534","26,452","25,658"
6/11/2019,"25,385","26,309","25,519"
7/11/2019,"25,388","26,288","25,498"
8/11/2019,"25,342","26,274","25,485"
9/11/2019,"25,342","26,274","25,485"
10/11/2019,"25,342","26,274","25,485"
11/11/2019,"25,280","26,210","25,422"
12/11/2019,"25,278","26,226","25,438"
13/11/2019,"25,249","26,169","25,383"
14/11/2019,"25,247","26,139","25,353"
15/11/2019,"25,272","26,202","25,416"
16/11/2019,"25,272","26,202","25,416"
17/11/2019,"25,272","26,202","25,416"
18/11/2019,"25,373","26,287","25,497"
19/11/2019,"25,381","26,317","25,527"
20/11/2019,"25,356","26,334","25,536"
21/11/2019,"25,394","26,326","25,536"
22/11/2019,"25,351","26,295","25,505"
23/11/2019,"25,351","26,295","25,505"
24/11/2019,"25,351","26,295","25,505"
25/11/2019,"25,271","26,203","25,416"
26/11/2019,"25,229","26,161","25,375"
27/11/2019,"25,246","26,180","25,394"
28/11/2019,"25,232","26,154","25,368"
29/11/2019,"25,206","26,154","25,369"
30/11/2019,"25,206","26,154","25,369"
1/12/2019,"25,206","26,154","25,369"
2/12/2019,"25,225","26,163","25,377"
3/12/2019,"25,354","26,296","25,506"
4/12/2019,"25,352","26,302","25,511"
5/12/2019,"25,366","26,322","25,532"
6/12/2019,"25,433","26,367","25,599"
7/12/2019,"25,433","26,367","25,599"
8/12/2019,"25,433","26,367","25,599"
9/12/2019,"25,318","26,252","25,464"
10/12/2019,"25,331","26,261","25,473"
11/12/2019,"25,387","26,327","25,537"
12/12/2019,"25,497","26,435","25,641"
13/12/2019,"25,598","26,536","25,740"
14/12/2019,"25,598","26,536","25,740"
15/12/2019,"25,598","26,536","25,740"
16/12/2019,"25,483","26,445","25,651"
17/12/2019,"25,504","26,458","25,664"
18/12/2019,"25,522","26,462","25,669"
19/12/2019,"25,459","26,389","25,597"
20/12/2019,"25,452","26,394","25,602"
21/12/2019,"25,452","26,394","25,602"
22/12/2019,"25,452","26,394","25,602"
23/12/2019,"25,362","26,294","25,505"
24/12/2019,"25,400","26,330","25,540"
25/12/2019,"25,375","26,309","25,519"
26/12/2019,"25,390","26,320","25,530"
27/12/2019,"25,434","26,394","25,602"
28/12/2019,"25,434","26,394","25,602"
29/12/2019,"25,434","26,394","25,602"
30/12/2019,"25,627","26,577","25,779"
31/12/2019,"25,668","26,606","25,807"
1/1/2020,"25,668","26,606","25,807"
2/1/2020,"25,702","26,634","25,834"
3/1/2020,"25,578","26,522","25,726"
4/1/2020,"25,578","26,522","25,726"
5/1/2020,"25,578","26,522","25,726"
6/1/2020,"25,564","26,486","25,716"
7/1/2020,"25,611","26,571","25,798"
8/1/2020,"25,530","26,496","25,710"
9/1/2020,"25,447","26,383","25,615"
10/1/2020,"25,411","26,369","25,591"
11/1/2020,"25,411","26,369","25,591"
12/1/2020,"25,411","26,369","25,591"
13/01/2020,"25,459","26,395","25,627"
14/01/2020,"25,517","26,451","25,682"
15/01/2020,"25,485","26,429","25,661"
16/01/2020,"25,544","26,488","25,718"
17/01/2020,"25,493","26,439","25,670"
18/01/2020,"25,493","26,439","25,670"
19/01/2020,"25,493","26,439","25,670"
20/01/2020,"25,403","26,333","25,566"
21/01/2020,"25,398","26,334","25,569"
22/01/2020,"25,370","26,306","25,540"
23/01/2020,"25,370","26,306","25,540"
24/01/2020,"25,370","26,306","25,540"
25/01/2020,"25,370","26,306","25,540"
26/01/2020,"25,370","26,306","25,540"
27/01/2020,"25,370","26,306","25,540"
28/01/2020,"25,370","26,306","25,540"
29/01/2020,"25,370","26,306","25,540"
30/01/2020,"25,229","26,167","25,245"
31/01/2020,"25,304","26,238","25,346"
1/2/2020,"25,304","26,238","25,346"
2/2/2020,"25,304","26,238","25,346"
3/2/2020,"25,470","26,428","25,525"
4/2/2020,"25,377","26,331","25,437"
5/2/2020,"25,320","26,246","25,354"
6/2/2020,"25,461","26,151","25,263"
7/2/2020,"25,211","26,131","25,244"
8/2/2020,"25,211","26,131","25,244"
9/2/2020,"25,211","26,131","25,244"
10/2/2020,"25,160","26,094","25,208"
11/2/2020,"25,050","25,980","25,098"
12/2/2020,"25,054","25,986","25,103"
13/02/2020,"24,965","25,875","24,997"
14/02/2020,"24,884","25,810","24,934"
15/02/2020,"24,884","25,810","24,934"
16/02/2020,"24,884","25,810","24,934"
17/02/2020,"24,879","25,797","24,921"
18/02/2020,"24,853","25,773","24,897"
19/02/2020,"24,792","25,700","24,827"
20/02/2020,"24,772","25,704","24,832"
21/02/2020,"24,786","25,696","24,823"
22/02/2020,"24,786","25,696","24,823"
23/02/2020,"24,786","25,696","24,823"
24/02/2020,"24,900","25,764","24,890"
25/02/2020,"24,942","25,862","24,984"
26/02/2020,"24,961","25,869","24,991"
27/02/2020,"25,077","25,983","25,101"
28/02/2020,"25,350","26,250","25,358"
29/02/2020,"25,350","26,250","25,358"
1/3/2020,"25,350","26,250","25,358"
2/3/2020,"25,393","26,331","25,437"
3/3/2020,"25,543","26,507","25,607"
4/3/2020,"25,595","26,533","25,631"
5/3/2020,"25,543","26,495","25,595"
6/3/2020,"25,859","26,699","25,793"
7/3/2020,"25,859","26,699","25,793"
8/3/2020,"25,859","26,699","25,793"
9/3/2020,"26,149","27,141","26,219"
10/3/2020,"26,083","27,077","26,157"
11/3/2020,"25,923","26,877","25,964"
12/3/2020,"25,897","26,789","25,878"
13/03/2020,"25,645","26,543","25,639"
14/03/2020,"25,645","26,543","25,639"
15/03/2020,"25,645","26,543","25,639"
16/03/2020,"25,580","26,448","25,550"
17/03/2020,"25,593","26,639","25,735"
18/03/2020,"25,276","26,226","25,336"
19/03/2020,"24,879","26,215","25,181"
20/03/2020,"24,801","25,873","24,861"
21/03/2020,"24,801","25,873","24,861"
22/03/2020,"24,801","25,873","24,861"
23/03/2020,"24,829","25,945","24,937"
24/03/2020,"25,012","26,176","25,159"
25/03/2020,"24,987","26,147","25,209"
26/03/2020,"25,247","26,415","25,467"
27/03/2020,"25,493","26,687","25,723"
28/03/2020,"25,493","26,687","25,723"
29/03/2020,"25,493","26,687","25,723"
30/03/2020,"25,648","26,832","25,868"
31/03/2020,"25,404","26,592","25,638"
1/4/2020,"25,272","26,506","25,554"
2/4/2020,"25,272","26,506","25,554"
3/4/2020,"24,918","26,060","25,114"
4/4/2020,"24,918","26,060","25,114"
5/4/2020,"24,918","26,060","25,114"
6/4/2020,"24,842","26,018","25,084"
7/4/2020,"24,947","26,121","25,107"
8/4/2020,"25,006","26,190","25,174"
9/4/2020,"24,957","26,147","25,131"
10/4/2020,"25,101","26,249","25,229"
11/4/2020,"25,101","26,249","25,229"
12/4/2020,"25,101","26,249","25,229"
13/04/2020,"25,116","26,238","25,219"
14/04/2020,"25,136","26,290","25,269"
15/04/2020,"25,101","26,301","25,279"
16/04/2020,"24,989","26,131","25,116"
17/04/2020,"24,818","25,988","24,990"
18/04/2020,"24,818","25,988","24,990"
19/04/2020,"24,818","25,988","24,990"
20/04/2020,"24,908","26,090","25,077"
21/04/2020,"24,834","26,026","25,015"
22/04/2020,"24,933","26,091","25,077"
23/04/2020,"24,888","26,054","25,041"
24/04/2020,"24,710","26,034","24,878"
25/04/2020,"24,710","26,034","24,878"
26/04/2020,"24,710","26,034","24,878"
27/04/2020,"24,925","26,085","25,072"
28/04/2020,"24,839","25,993","24,995"
29/04/2020,"24,865","26,023","25,013"
30/04/2020,"24,865","26,023","25,013"
1/5/2020,"24,865","26,023","25,013"
2/5/2020,"24,865","26,023","25,013"
3/5/2020,"24,865","26,023","25,013"
4/5/2020,"25,098","26,264","25,244"
5/5/2020,"25,015","26,165","25,149"
6/5/2020,"24,750","25,970","24,962"
7/5/2020,"24,708","25,870","24,865"
8/5/2020,"24,762","25,930","24,924"
9/5/2020,"24,762","25,930","24,924"
10/5/2020,"24,762","25,930","24,924"
11/5/2020,"24,749","25,921","24,915"
12/5/2020,"24,713","25,867","24,863"
13/05/2020,"24,812","25,974","24,965"
14/05/2020,"24,730","25,882","24,876"
15/05/2020,"24,704","25,868","24,864"
16/05/2020,"24,704","25,868","24,864"
17/05/2020,"24,704","25,868","24,864"
18/05/2020,"24,709","25,919","24,868"
19/05/2020,"24,917","26,085","25,071"
20/05/2020,"24,937","26,073","25,061"
21/05/2020,"24,975","26,155","25,139"
22/05/2020,"24,856","26,006","24,996"
23/05/2020,"24,856","26,006","24,996"
24/05/2020,"24,856","26,006","24,996"
25/05/2020,"24,869","25,993","24,983"
26/05/2020,"24,900","26,066","25,053"
27/05/2020,"25,054","26,204","25,186"
28/05/2020,"25,120","26,294","25,272"
29/05/2020,"25,278","26,438","25,412"
30/05/2020,"25,278","26,438","25,412"
31/05/2020,"25,278","26,438","25,412"
1/6/2020,"25,355","26,527","25,497"
2/6/2020,"25,349","26,513","25,483"
3/6/2020,"25,556","26,692","25,655"
4/6/2020,"25,560","26,732","25,694"
5/6/2020,"25,869","27,049","25,999"
6/6/2020,"25,869","27,049","25,999"
7/6/2020,"25,869","27,049","25,999"
8/6/2020,"25,738","26,888","25,844"
9/6/2020,"25,569","26,749","25,710"
10/6/2020,"25,802","26,968","25,920"
11/6/2020,"25,817","26,993","25,945"
12/6/2020,"25,660","26,860","25,816"
13/06/2020,"25,660","26,860","25,816"
14/06/2020,"25,660","26,860","25,816"
15/06/2020,"25,581","26,781","25,741"
16/06/2020,"25,762","26,940","25,894"
17/06/2020,"25,600","26,782","25,742"
18/06/2020,"25,536","26,718","25,680"
19/06/2020,"25,469","26,655","25,620"
20/06/2020,"25,469","26,655","25,620"
21/06/2020,"25,469","26,655","25,620"
22/06/2020,"25,425","26,593","25,561"
23/06/2020,"25,557","26,791","25,751"
24/06/2020,"25,690","26,924","25,878"
25/06/2020,"25,578","26,746","25,708"
26/06/2020,"25,534","26,686","25,650"
27/06/2020,"25,534","26,686","25,650"
28/06/2020,"25,534","26,686","25,650"
29/06/2020,"25,555","26,757","25,717"
30/06/2020,"25,539","26,709","25,671"
1/7/2020,"25,535","26,677","25,641"
2/7/2020,"25,569","26,735","25,696"
3/7/2020,"25,525","26,679","25,641"
4/7/2020,"25,525","26,679","25,641"
5/7/2020,"25,525","26,679","25,641"
6/7/2020,"25,582","26,760","25,721"
7/7/2020,"25,717","26,905","25,857"
8/7/2020,"25,615","26,771","25,729"
9/7/2020,"25,751","26,937","25,890"
10/7/2020,"25,609","26,797","25,755"
11/7/2020,"25,609","26,797","25,755"
12/7/2020,"25,609","26,797","25,755"
13/07/2020,"25,700","26,856","25,813"
14/07/2020,"25,765","26,935","25,889"
15/07/2020,"25,925","27,101","26,049"
16/07/2020,"25,922","27,092","26,039"
17/07/2020,"25,852","27,060","26,009"
18/07/2020,"25,852","27,060","26,009"
19/07/2020,"25,852","27,060","26,009"
20/07/2020,"26,048","27,120","26,066"
21/07/2020,"26,034","27,210","26,154"
22/07/2020,"26,207","27,379","26,315"
23/07/2020,"26,288","27,460","26,393"
24/07/2020,"26,386","27,576","26,504"
25/07/2020,"26,386","27,576","26,504"
26/07/2020,"26,386","27,576","26,504"
27/07/2020,"26,556","27,756","26,678"
28/07/2020,"26,732","27,946","26,861"
29/07/2020,"26,632","27,828","26,747"
30/07/2020,"26,750","27,966","26,879"
31/07/2020,"26,982","28,176","27,082"
1/8/2020,"26,982","28,176","27,082"
2/8/2020,"26,982","28,176","27,082"
3/8/2020,"26,708","27,904","26,820"
4/8/2020,"26,803","28,003","26,919"
5/8/2020,"26,836","28,042","26,952"
6/8/2020,"26,996","28,212","27,116"
7/8/2020,"26,975","28,201","27,105"
8/8/2020,"26,975","28,201","27,105"
9/8/2020,"26,975","28,201","27,105"
10/8/2020,"26,747","28,001","26,913"
11/8/2020,"26,650","27,832","26,751"
12/8/2020,"26,663","27,849","26,767"
13/08/2020,"26,834","28,034","26,945"
14/08/2020,"26,818","28,048","26,959"
15/08/2020,"26,818","28,048","26,959"
16/08/2020,"26,818","28,048","26,959"
17/08/2020,"26,918","28,126","27,034"
18/08/2020,"27,015","28,239","27,142"
19/08/2020,"27,156","28,364","27,262"
20/08/2020,"26,888","28,118","27,025"
21/08/2020,"26,967","28,189","27,093"
22/08/2020,"26,967","28,189","27,093"
23/08/2020,"26,967","28,189","27,093"
24/08/2020,"26,819","28,003","26,915"
25/08/2020,"26,804","28,006","26,918"
26/08/2020,"26,879","28,087","26,995"
27/08/2020,"26,890","28,110","27,018"
28/08/2020,"27,018","28,222","27,133"
29/08/2020,"27,018","28,222","27,133"
30/08/2020,"27,018","28,222","27,133"
31/08/2020,"27,044","28,262","27,164"
1/9/2020,"27,157","28,347","27,246"
2/9/2020,"27,157","28,347","27,246"
3/9/2020,"26,881","28,099","27,007"
4/9/2020,"26,920","28,144","27,050"
5/9/2020,"26,920","28,144","27,050"
6/9/2020,"26,920","28,144","27,050"
7/9/2020,"26,905","28,103","27,011"
8/9/2020,"26,819","28,029","26,941"
9/9/2020,"26,752","27,956","26,870"
10/9/2020,"26,845","28,043","26,954"
11/9/2020,"26,896","28,100","27,009"
12/9/2020,"26,896","28,100","27,009"
13/09/2020,"26,896","28,100","27,009"
14/09/2020,"26,912","28,096","27,004"
15/09/2020,"26,976","28,180","27,085"
16/09/2020,"26,899","28,101","27,009"
17/09/2020,"26,777","27,961","26,875"
18/09/2020,"26,939","28,155","27,061"
19/09/2020,"26,939","28,155","27,061"
20/09/2020,"26,939","28,155","27,061"
21/09/2020,"26,802","28,158","27,064"
22/09/2020,"26,705","27,985","26,897"
23/09/2020,"26,559","27,735","26,657"
24/09/2020,"26,534","27,728","26,650"
25/09/2020,"26,543","27,717","26,640"
26/09/2020,"26,543","27,717","26,640"
27/09/2020,"26,543","27,717","26,640"
28/09/2020,"26,417","27,595","26,523"
29/09/2020,"26,527","27,735","26,657"
30/09/2020,"26,666","27,884","26,801"
1/10/2020,"26,718","27,896","26,813"
2/10/2020,"26,685","27,875","26,793"
3/10/2020,"26,685","27,875","26,793"
4/10/2020,"26,685","27,875","26,793"
5/10/2020,"26,666","27,880","26,798"
6/10/2020,"26,821","28,013","26,925"
7/10/2020,"26,676","27,880","26,798"
8/10/2020,"26,795","27,999","26,915"
9/10/2020,"26,760","27,964","26,880"
10/10/2020,"26,760","27,964","26,880"
11/10/2020,"26,760","27,964","26,880"
12/10/2020,"26,855","28,053","26,963"
13/10/2020,"26,816","28,006","26,918"
14/10/2020,"26,665","27,899","26,815"
15/10/2020,"26,700","27,908","26,824"
16/10/2020,"26,611","27,809","26,728"
17/10/2020,"26,611","27,809","26,728"
18/10/2020,"26,611","27,809","26,728"
19/10/2020,"26,618","27,820","26,740"
20/10/2020,"26,751","27,963","26,877"
21/10/2020,"26,964","28,168","27,076"
22/10/2020,"26,926","28,122","27,030"
23/10/2020,"26,817","28,017","26,929"
24/10/2020,"26,817","28,017","26,929"
25/10/2020,"26,817","28,017","26,929"
26/10/2020,"26,907","28,117","27,025"
27/10/2020,"26,863","28,053","26,963"
28/10/2020,"26,779","27,973","26,886"
29/10/2020,"26,694","27,908","26,824"
30/10/2020,"26,522","27,718","26,642"
31/10/2020,"26,522","27,718","26,642"
1/11/2020,"26,522","27,718","26,642"
2/11/2020,"26,449","27,635","26,560"
3/11/2020,"26,541","27,721","26,647"
4/11/2020,"26,524","27,750","26,670"
5/11/2020,"26,673","27,863","26,781"
6/11/2020,"26,889","28,081","26,991"
7/11/2020,"26,889","28,081","26,991"
8/11/2020,"26,889","28,081","26,991"
9/11/2020,"27,020","28,222","27,127"
10/11/2020,"26,871","28,051","26,961"
11/11/2020,"26,787","28,075","26,984"
12/11/2020,"26,768","27,970","26,884"
13/11/2020,"26,836","28,034","26,945"
14/11/2020,"26,836","28,034","26,945"
15/11/2020,"26,836","28,034","26,945"
16/11/2020,"26,953","28,115","27,023"
17/11/2020,"26,946","28,162","27,068"
18/11/2020,"26,933","28,153","27,059"
19/11/2020,"26,902","28,100","27,009"
20/11/2020,"26,992","28,182","27,088"
21/11/2020,"26,992","28,182","27,088"
22/11/2020,"26,992","28,182","27,088"
23/11/2020,"26,953","28,159","27,065"
24/11/2020,"26,894","28,088","26,997"
25/11/2020,"27,023","28,221","27,125"
26/11/2020,"27,082","28,328","27,228"
27/11/2020,"27,073","28,269","27,171"
28/11/2020,"27,073","28,269","27,171"
29/11/2020,"27,073","28,269","27,171"
30/11/2020,"27,155","28,365","27,263"
1/12/2020,"27,150","28,308","27,208"
2/12/2020,"27,368","28,602","27,491"
3/12/2020,"27,466","28,700","27,585"
4/12/2020,"27,563","28,767","27,650"
5/12/2020,"27,563","28,767","27,650"
6/12/2020,"27,563","28,767","27,650"
7/12/2020,"27,510","28,734","27,618"
8/12/2020,"27,472","28,692","27,577"
9/12/2020,"27,473","28,697","27,582"
10/12/2020,"27,407","28,627","27,516"
11/12/2020,"27,580","28,772","27,654"
12/12/2020,"27,580","28,772","27,654"
13/12/2020,"27,580","28,772","27,654"
14/12/2020,"27,576","28,720","27,604"
15/12/2020,"27,578","28,794","27,675"
16/12/2020,"27,568","28,784","27,666"
17/12/2020,"27,694","28,898","27,776"
18/12/2020,"27,809","29,045","27,917"
19/12/2020,"27,809","29,045","27,917"
20/12/2020,"27,809","29,045","27,917"
21/12/2020,"27,735","28,941","27,817"
22/12/2020,"27,754","28,976","27,850"
23/12/2020,"27,620","28,832","27,711"
24/12/2020,"27,694","28,910","27,786"
25/12/2020,"27,639","28,841","27,721"
26/12/2020,"27,639","28,841","27,721"
27/12/2020,"27,639","28,841","27,721"
28/12/2020,"27,679","28,887","27,765"
29/12/2020,"27,742","28,966","27,841"
30/12/2020,"27,802","29,058","27,930"
31/12/2020,"27,858","29,092","27,962"
1/1/2021,"27,858","29,092","27,962"
2/1/2021,"27,858","29,092","27,962"
3/1/2021,"27,858","29,092","27,962"
4/1/2021,"27,732","28,950","27,825"
5/1/2021,"27,753","28,985","27,859"
6/1/2021,"27,841","29,077","27,948"
7/1/2021,"27,908","29,180","28,046"
8/1/2021,"27,700","28,946","27,822"
9/1/2021,"27,700","28,946","27,822"
10/1/2021,"27,700","28,946","27,822"
11/1/2021,"27,537","28,793","27,687"
12/1/2021,"27,471","28,729","27,612"
13/01/2021,"27,631","28,849","27,729"
14/01/2021,"27,525","28,745","27,629"
15/01/2021,"27,486","28,726","27,610"
16/01/2021,"27,486","28,726","27,610"
17/01/2021,"27,486","28,726","27,610"
18/01/2021,"27,311","28,537","27,429"
19/01/2021,"27,352","28,556","27,446"
20/01/2021,"27,462","28,576","27,434"
21/01/2021,"27,443","28,505","27,366"
22/01/2021,"27,528","28,660","27,514"
23/01/2021,"27,528","28,660","27,514"
24/01/2021,"27,528","28,660","27,514"
25/01/2021,"27,519","28,639","27,494"
26/01/2021,"27,454","28,564","27,422"
27/01/2021,"27,517","28,635","27,491"
28/01/2021,"27,358","28,454","27,315"
29/01/2021,"27,388","28,520","27,379"
30/01/2021,"27,388","28,520","27,379"
31/01/2021,"27,388","28,520","27,379"
1/2/2021,"27,428","28,512","27,372"
2/2/2021,"27,235","28,383","27,248"
3/2/2021,"27,194","28,296","27,165"
4/2/2021,"27,154","28,272","27,142"
5/2/2021,"26,955","28,053","26,931"
6/2/2021,"26,955","28,053","26,931"
7/2/2021,"26,955","28,053","26,931"
8/2/2021,"27,088","28,202","27,074"
9/2/2021,"27,201","28,349","27,215"
10/2/2021,"27,201","28,349","27,215"
11/2/2021,"27,201","28,349","27,215"
12/2/2021,"27,201","28,349","27,215"
13/02/2021,"27,201","28,349","27,215"
14/02/2021,"27,201","28,349","27,215"
15/02/2021,"27,201","28,349","27,215"
16/02/2021,"27,201","28,349","27,215"
17/02/2021,"27,262","28,390","27,254"
18/02/2021,"27,175","28,267","27,136"
19/02/2021,"27,328","28,402","27,267"
20/02/2021,"27,328","28,402","27,267"
21/02/2021,"27,328","28,402","27,267"
22/02/2021,"27,380","28,484","27,345"
23/02/2021,"27,474","28,580","27,438"
24/02/2021,"27,443","28,567","27,425"
25/02/2021,"27,454","28,566","27,424"
26/02/2021,"27,426","28,538","27,397"
27/02/2021,"27,426","28,538","27,397"
28/02/2021,"27,426","28,538","27,397"
1/3/2021,"27,294","28,392","27,257"
2/3/2021,"27,174","28,294","27,162"
3/3/2021,"27,297","28,407","27,271"
4/3/2021,"27,191","28,327","27,194"
5/3/2021,"26,996","28,102","26,979"
6/3/2021,"26,996","28,102","26,979"
7/3/2021,"26,996","28,102","26,979"
8/3/2021,"26,859","28,023","26,903"
9/3/2021,"26,752","27,858","26,744"
10/3/2021,"26,875","27,965","26,848"
11/3/2021,"26,931","28,029","26,909"
12/3/2021,"27,090","28,184","27,058"
13/03/2021,"27,090","28,184","27,058"
14/03/2021,"27,090","28,184","27,058"
15/03/2021,"27,056","28,130","27,006"
16/03/2021,"26,989","28,077","26,955"
17/03/2021,"26,901","28,021","26,900"
18/03/2021,"27,095","28,209","27,081"
19/03/2021,"26,934","28,028","26,907"
20/03/2021,"26,934","28,028","26,907"
21/03/2021,"26,934","28,028","26,907"
22/03/2021,"26,866","27,984","26,866"
23/03/2021,"27,000","28,098","26,975"
24/03/2021,"26,795","27,875","26,760"
25/03/2021,"26,724","27,826","26,713"
26/03/2021,"26,659","27,747","26,637"
27/03/2021,"26,659","27,747","26,637"
28/03/2021,"26,659","27,747","26,637"
29/03/2021,"26,641","27,745","26,636"
30/03/2021,"26,611","27,703","26,595"
31/03/2021,"26,501","27,609","26,505"
1/4/2021,"26,531","27,603","26,500"
2/4/2021,"26,624","27,724","26,616"
3/4/2021,"26,624","27,724","26,616"
4/4/2021,"26,624","27,724","26,616"
5/4/2021,"26,615","27,693","26,586"
6/4/2021,"26,731","27,831","26,718"
8/4/2021,"26,853","27,955","26,838"
9/4/2021,"26,892","27,990","26,870"
10/4/2021,"26,892","27,990","26,870"
11/4/2021,"26,892","27,990","26,870"
12/4/2021,"26,852","27,976","26,858"
13/04/2021,"26,911","28,023","26,903"
14/04/2021,"27,044","28,152","27,027"
15/04/2021,"27,110","28,218","27,090"
16/04/2021,"27,042","28,174","27,047"
17/04/2021,"27,042","28,174","27,047"
18/04/2021,"27,042","28,174","27,047"
19/04/2021,"27,202","28,346","27,220"
20/04/2021,"27,259","28,353","27,219"
21/04/2021,"27,259","28,353","27,219"
22/04/2021,"27,235","28,340","27,207"
23/04/2021,"27,233","28,276","27,145"
24/04/2021,"27,233","28,276","27,145"
25/04/2021,"27,233","28,276","27,145"
26/04/2021,"27,362","28,483","27,344"
27/04/2021,"27,267","28,406","27,270"
28/04/2021,"27,287","28,410","27,274"
29/04/2021,"27,448","28,537","27,396"
30/04/2021,"27,448","28,537","27,396"
1/5/2021,"27,448","28,537","27,396"
2/5/2021,"27,448","28,537","27,396"
3/5/2021,"27,448","28,537","27,396"
4/5/2021,"27,251","28,366","27,232"
5/5/2021,"27,181","28,289","27,158"
6/5/2021,"27,153","28,234","27,106"
7/5/2021,"27,286","28,397","27,262"
8/5/2021,"27,286","28,397","27,262"
9/5/2021,"27,286","28,397","27,262"
10/5/2021,"27,501","28,623","27,478"
11/5/2021,"27,459","28,552","27,410"
12/5/2021,"27,440","28,568","27,426"
13/05/2021,"27,304","28,450","27,313"
14/05/2021,"27,313","28,396","27,261"
15/05/2021,"27,313","28,396","27,261"
16/05/2021,"27,313","28,396","27,261"
17/05/2021,"27,433","28,568","27,426"
18/05/2021,"27,486","28,577","27,434"
19/05/2021,"27,622","28,751","27,602"
20/05/2021,"27,547","28,704","27,557"
21/05/2021,"27,614","28,751","27,602"
22/05/2021,"27,614","28,751","27,602"
23/05/2021,"27,614","28,751","27,602"
24/05/2021,"27,587","28,693","27,546"
25/05/2021,"27,725","28,750","27,600"
26/05/2021,"27,680","28,808","27,657"
27/05/2021,"27,572","28,674","27,527"
28/05/2021,"27,543","28,660","27,514"
29/05/2021,"27,543","28,660","27,514"
30/05/2021,"27,543","28,660","27,514"
31/05/2021,"27,578","28,656","27,510"
1/6/2021,"27,673","28,747","27,598"
2/6/2021,"27,606","28,740","27,591"
3/6/2021,"27,549","28,645","27,500"
4/6/2021,"27,375","28,493","27,353"
5/6/2021,"27,375","28,493","27,353"
6/6/2021,"27,375","28,493","27,353"
7/6/2021,"27,398","28,554","27,413"
8/6/2021,"27,392","28,548","27,406"
9/6/2021,"27,433","28,517","27,377"
10/6/2021,"27,377","28,485","27,346"
11/6/2021,"27,372","28,517","27,376"
12/6/2021,"27,372","28,517","27,376"
13/06/2021,"27,372","28,517","27,376"
14/06/2021,"27,253","28,334","27,201"
15/06/2021,"27,287","28,435","27,298"
16/06/2021,"27,287","28,383","27,248"
17/06/2021,"26,909","28,079","26,956"
18/06/2021,"26,851","27,992","26,873"
19/06/2021,"26,851","27,992","26,873"
20/06/2021,"26,851","27,992","26,873"
21/06/2021,"26,835","27,882","26,768"
22/06/2021,"26,862","27,956","26,838"
23/06/2021,"26,946","28,042","26,921"
24/06/2021,"26,902","27,999","26,880"
25/06/2021,"26,945","28,028","26,907"
26/06/2021,"26,945","28,028","26,907"
27/06/2021,"26,945","28,028","26,907"
28/06/2021,"26,912","28,004","26,885"
29/06/2021,"26,894","27,993","26,874"
30/06/2021,"26,849","27,953","26,835"
1/7/2021,"26,733","27,819","26,706"
2/7/2021,"26,675","27,792","26,681"
3/7/2021,"26,675","27,792","26,681"
4/7/2021,"26,675","27,792","26,681"
5/7/2021,"26,737","27,835","26,722"
6/7/2021,"26,814","27,837","26,724"
7/7/2021,"26,668","27,746","26,637"
8/7/2021,"26,666","27,685","26,578"
9/7/2021,"26,735","27,776","26,665"
10/7/2021,"26,735","27,776","26,665"
11/7/2021,"26,735","27,776","26,665"
12/7/2021,"26,792","27,852","26,738"
13/07/2021,"26,746","27,878","26,763"
14/07/2021,"26,598","27,780","26,675"
15/07/2021,"26,729","27,951","26,838"
16/07/2021,"26,627","27,865","26,757"
17/07/2021,"26,627","27,865","26,757"
18/07/2021,"26,627","27,865","26,757"
19/07/2021,"26,563","27,854","26,746"
20/07/2021,"26,618","27,807","26,700"
21/07/2021,"26,579","27,819","26,712"
22/07/2021,"26,593","27,825","26,718"
23/07/2021,"26,552","27,776","26,670"
24/07/2021,"26,552","27,776","26,670"
25/07/2021,"26,552","27,776","26,670"
26/07/2021,"26,556","27,759","26,655"
27/07/2021,"26,582","27,853","26,745"
28/07/2021,"26,613","27,833","26,726"
29/07/2021,"26,736","27,892","26,782"
30/07/2021,"26,792","27,962","26,849"
31/07/2021,"26,792","27,962","26,849"
1/8/2021,"26,792","27,962","26,849"
2/8/2021,"26,738","27,927","26,816"
3/8/2021,"26,709","27,936","26,825"
4/8/2021,"26,721","27,903","26,793"
5/8/2021,"26,621","27,844","26,736"
6/8/2021,"26,542","27,790","26,684"
7/8/2021,"26,542","27,790","26,684"
8/8/2021,"26,542","27,790","26,684"
9/8/2021,"26,438","27,623","26,524"
10/8/2021,"26,316","27,561","26,464"
11/8/2021,"26,154","27,401","26,310"
12/8/2021,"26,224","27,435","26,344"
13/08/2021,"26,259","27,469","26,376"
14/08/2021,"26,259","27,469","26,376"
15/08/2021,"26,259","27,469","26,376"
16/08/2021,"26,405","27,622","26,523"
17/08/2021,"26,347","27,571","26,473"
18/08/2021,"26,184","27,417","26,326"
19/08/2021,"26,099","27,345","26,257"
20/08/2021,"26,111","27,338","26,250"
21/08/2021,"26,111","27,338","26,250"
22/08/2021,"26,111","27,338","26,250"
23/08/2021,"26,203","27,389","26,299"
24/08/2021,"26,245","27,477","26,384"
25/08/2021,"26,213","27,433","26,342"
26/08/2021,"26,271","27,477","26,384"
27/08/2021,"26,266","27,494","26,400"
28/08/2021,"26,266","27,494","26,400"
29/08/2021,"26,266","27,494","26,400"
30/08/2021,"26,363","27,547","26,451"
31/08/2021,"26,378","27,617","26,518"
1/9/2021,"26,344","27,566","26,469"
2/9/2021,"26,434","27,618","26,472"
3/9/2021,"26,515","27,618","26,472"
4/9/2021,"26,515","27,618","26,472"
5/9/2021,"26,515","27,618","26,472"
6/9/2021,"26,508","27,734","26,630"
7/9/2021,"26,485","27,726","26,623"
8/9/2021,"26,401","27,661","26,560"
9/9/2021,"26,360","27,591","26,493"
10/9/2021,"26,434","27,607","26,509"
11/9/2021,"26,434","27,607","26,509"
12/9/2021,"26,434","27,607","26,509"
13/09/2021,"26,331","27,558","26,462"
14/09/2021,"26,362","27,568","26,471"
15/09/2021,"26,356","27,574","26,477"
16/09/2021,"26,299","27,577","26,479"
17/09/2021,"26,287","27,477","26,383"
18/09/2021,"26,287","27,477","26,383"
19/09/2021,"26,287","27,477","26,383"
20/09/2021,"26,159","27,350","26,261"
21/09/2021,"26,171","27,383","26,294"
22/09/2021,"26,168","27,360","26,271"
23/09/2021,"26,149","27,278","26,192"
24/09/2021,"26,202","27,399","26,309"
25/09/2021,"26,202","27,399","26,309"
26/09/2021,"26,202","27,399","26,309"
27/09/2021,"26,118","27,346","26,257"
28/09/2021,"26,043","27,285","26,199"
29/09/2021,"26,036","27,262","26,177"
30/09/2021,"25,867","27,080","26,002"
1/10/2021,"25,842","27,003","25,928"
2/10/2021,"25,842","27,003","25,928"
3/10/2021,"25,842","27,003","25,928"
4/10/2021,"25,875","27,080","26,002"
5/10/2021,"25,875","27,098","26,020"
6/10/2021,"25,757","27,059","25,982"
7/10/2021,"25,795","26,975","25,901"
8/10/2021,"25,767","26,970","25,897"
9/10/2021,"25,767","26,970","25,897"
10/10/2021,"25,767","26,970","25,897"
11/10/2021,"25,804","26,986","25,912"
12/10/2021,"25,781","26,942","25,869"
13/10/2021,"25,744","26,928","25,856"
14/10/2021,"25,860","27,063","25,986"
15/10/2021,"25,888","27,128","25,973"
16/10/2021,"25,888","27,128","25,973"
17/10/2021,"25,888","27,128","25,973"
18/10/2021,"25,814","27,112","25,957"
19/10/2021,"25,986","27,194","26,035"
20/10/2021,"25,948","27,214","26,054"
21/10/2021,"25,959","27,272","26,110"
22/10/2021,"25,954","27,204","26,045"
23/10/2021,"25,954","27,204","26,045"
24/10/2021,"25,954","27,204","26,045"
25/10/2021,"25,970","27,257","26,096"
26/10/2021,"25,874","27,150","25,994"
27/10/2021,"25,874","27,150","25,994"
28/10/2021,"25,877","27,118","25,963"
29/10/2021,"26,031","27,339","26,174"
30/10/2021,"26,031","27,339","26,174"
31/10/2021,"26,031","27,339","26,174"
1/11/2021,"25,756","27,030","25,878"
2/11/2021,"25,872","27,128","25,973"
3/11/2021,"25,796","27,081","25,928"
4/11/2021,"25,711","27,061","25,908"
5/11/2021,"25,666","26,942","25,794"
6/11/2021,"25,666","26,942","25,794"
7/11/2021,"25,666","26,942","25,794"
8/11/2021,"25,676","26,955","25,808"
9/11/2021,"25,741","26,986","25,836"
10/11/2021,"25,712","27,012","25,861"
11/11/2021,"25,408","26,724","25,585"
12/11/2021,"25,395","26,677","25,542"
13/11/2021,"25,395","26,677","25,542"
14/11/2021,"25,395","26,677","25,542"
15/11/2021,"25,401","26,657","25,522"
16/11/2021,"25,222","26,499","25,370"
17/11/2021,"25,056","26,359","25,236"
18/11/2021,"25,129","26,359","25,236"
19/11/2021,"25,193","26,481","25,353"
20/11/2021,"25,193","26,481","25,353"
21/11/2021,"25,193","26,481","25,353"
22/11/2021,"25,006","26,282","25,162"
23/11/2021,"24,954","26,206","25,090"
24/11/2021,"24,965","26,215","25,099"
25/11/2021,"24,879","26,134","25,021"
26/11/2021,"24,949","26,141","25,027"
27/11/2021,"24,949","26,141","25,027"
28/11/2021,"24,949","26,141","25,027"
29/11/2021,"25,026","26,317","25,196"
30/11/2021,"25,203","26,394","25,269"
1/12/2021,"25,199","26,390","25,266"
2/12/2021,"25,198","26,389","25,265"
3/12/2021,"25,243","26,486","25,358"
4/12/2021,"25,243","26,486","25,358"
5/12/2021,"25,243","26,486","25,358"
6/12/2021,"25,491","26,862","25,696"
7/12/2021,"25,537","26,809","25,645"
8/12/2021,"25,357","26,663","25,505"
9/12/2021,"25,489","26,764","25,602"
10/12/2021,"25,386","26,703","25,543"
11/12/2021,"25,386","26,703","25,543"
12/12/2021,"25,386","26,703","25,543"
13/12/2021,"25,377","26,724","25,564"
14/12/2021,"25,375","26,658","25,500"
15/12/2021,"25,403","26,673","25,515"
16/12/2021,"25,437","26,753","25,592"
17/12/2021,"25,419","26,760","25,598"
18/12/2021,"25,419","26,760","25,598"
19/12/2021,"25,419","26,760","25,598"
20/12/2021,"25,237","26,515","25,364"
21/12/2021,"25,300","26,574","25,420"
22/12/2021,"25,351","26,628","25,471"
23/12/2021,"25,475","26,772","25,609"
24/12/2021,"25,340","26,660","25,502"
25/12/2021,"25,340","26,660","25,502"
26/12/2021,"25,340","26,660","25,502"
27/12/2021,"25,235","26,563","25,397"
28/12/2021,"25,307","26,606","25,450"
29/12/2021,"25,239","26,573","25,419"
30/12/2021,"25,241","26,601","25,446"
31/12/2021,"25,214","26,245","25,492"
1/1/2022,"25,214","26,245","25,492"
2/1/2022,"25,214","26,245","25,492"
3/1/2022,"25,214","26,245","25,492"
4/1/2022,"25,168","26,494","25,343"
5/1/2022,"25,134","26,412","25,265"
6/1/2022,"25,142","26,482","25,332"
7/1/2022,"25,114","26,415","25,267"
8/1/2022,"25,114","26,415","25,267"
9/1/2022,"25,114","26,415","25,267"
10/1/2022,"25,170","26,436","25,287"
11/1/2022,"25,221","26,469","25,319"
12/1/2022,"25,260","26,557","25,404"
13/01/2022,"25,426","26,721","25,560"
14/01/2022,"25,495","26,756","25,594"
15/01/2022,"25,495","26,756","25,594"
16/01/2022,"25,495","26,756","25,594"
17/01/2022,"25,395","26,648","25,491"
18/01/2022,"25,363","26,655","25,498"
19/01/2022,"25,186","26,464","25,314"
20/01/2022,"25,133","26,471","25,321"
21/01/2022,"25,082","26,364","25,218"
22/01/2022,"25,082","26,364","25,218"
23/01/2022,"25,082","26,364","25,218"
24/01/2022,"25,142","26,401","25,254"
25/01/2022,"25,076","26,401","25,254"
26/01/2022,"25,012","26,315","25,172"
27/01/2022,"24,850","26,163","25,027"
28/01/2022,"24,656","25,978","24,851"
29/01/2022,"24,656","25,978","24,851"
30/01/2022,"24,656","25,978","24,851"
31/01/2022,"24,656","25,978","24,851"
1/2/2022,"24,656","25,978","24,851"
2/2/2022,"24,656","25,978","24,851"
3/2/2022,"24,656","25,978","24,851"
4/2/2022,"24,656","25,978","24,851"
5/2/2022,"24,656","25,978","24,851"
6/2/2022,"24,656","25,978","24,851"
7/2/2022,"25,374","26,662","25,504"
8/2/2022,"25,377","26,709","25,549"
9/2/2022,"25,369","26,703","25,543"
10/2/2022,"25,357","26,646","25,488"
11/2/2022,"25,249","26,585","25,430"
12/2/2022,"25,249","26,585","25,430"
13/02/2022,"25,249","26,585","25,430"
14/02/2022,"25,226","26,543","25,390"
15/02/2022,"25,231","26,496","25,345"
16/02/2022,"25,302","26,567","25,413"
17/02/2022,"25,352","26,616","25,460"
18/02/2022,"25,386","26,712","25,551"
19/02/2022,"25,386","26,712","25,551"
20/02/2022,"25,386","26,712","25,551"
21/02/2022,"25,403","26,672","25,513"
22/02/2022,"25,194","26,538","25,385"
23/02/2022,"25,293","26,608","25,453"
24/02/2022,"25,106","26,498","25,347"
25/02/2022,"25,051","26,317","25,174"
26/02/2022,"25,051","26,317","25,174"
27/02/2022,"25,051","26,317","25,174"
28/02/2022,"24,949","26,259","25,118"
1/3/2022,"25,039","26,273","25,132"
2/3/2022,"24,811","26,123","24,989"
3/3/2022,"24,816","26,115","24,980"
4/3/2022,"24,601","25,948","24,821"
5/3/2022,"24,601","25,948","24,821"
6/3/2022,"24,601","25,948","24,821"
7/3/2022,"24,287","25,550","24,440"
8/3/2022,"24,287","25,534","24,425"
9/3/2022,"24,454","25,686","24,539"
10/3/2022,"24,719","25,976","24,848"
11/3/2022,"24,550","25,857","24,734"
12/3/2022,"24,550","25,857","24,734"
13/03/2022,"24,550","25,857","24,734"
14/03/2022,"24,450","25,684","24,569"
15/03/2022,"24,616","25,790","24,670"
16/03/2022,"24,530","25,798","24,677"
17/03/2022,"24,709","25,972","24,844"
18/03/2022,"24,815","26,121","24,986"
19/03/2022,"24,815","26,121","24,986"
20/03/2022,"24,815","26,121","24,986"
21/03/2022,"24,726","25,996","24,867"
22/03/2022,"24,595","25,825","24,704"
23/03/2022,"24,677","25,946","24,819"
24/03/2022,"24,588","25,893","24,769"
25/03/2022,"24,683","25,899","24,775"
26/03/2022,"24,683","25,899","24,775"
27/03/2022,"24,683","25,899","24,775"
28/03/2022,"24,510","25,804","24,684"
29/03/2022,"24,655","25,831","24,709"
30/03/2022,"24,869","26,133","24,998"
31/03/2022,"24,931","26,242","25,102"
1/4/2022,"24,690","26,009","24,879"
2/4/2022,"24,690","26,009","24,879"
3/4/2022,"24,690","26,009","24,879"
4/4/2022,"24,656","25,962","24,834"
5/4/2022,"24,543","25,788","24,668"
6/4/2022,"24,377","25,629","24,516"
7/4/2022,"24,362","25,655","24,541"
8/4/2022,"24,261","25,554","24,444"
9/4/2022,"24,261","25,554","24,444"
10/4/2022,"24,261","25,554","24,444"
11/4/2022,"24,381","25,554","24,444"
12/4/2022,"24,320","25,556","24,446"
13/04/2022,"24,262","25,456","24,351"
14/04/2022,"24,417","25,710","24,593"
15/04/2022,"24,228","25,467","24,361"
16/04/2022,"24,228","25,467","24,361"
17/04/2022,"24,228","25,467","24,361"
18/04/2022,"24,222","25,453","24,348"
19/04/2022,"24,221","25,448","24,343"
20/04/2022,"24,322","25,563","24,453"
21/04/2022,"24,473","25,600","24,488"
22/04/2022,"24,282","25,602","24,490"
23/04/2022,"24,282","25,602","24,490"
24/04/2022,"24,282","25,602","24,490"
25/04/2022,"24,113","25,492","24,363"
26/04/2022,"24,038","25,357","24,256"
27/04/2022,"23,802","25,147","24,052"
29/04/2022,"23,702","24,824","23,746"
30/04/2022,"23,702","24,824","23,746"
1/5/2022,"23,702","24,824","23,746"
2/5/2022,"23,664","24,824","23,746"
3/5/2022,"23,604","24,824","23,746"
4/5/2022,"23,609","24,871","23,791"
5/5/2022,"23,767","25,071","23,983"
6/5/2022,"23,565","24,883","23,802"
7/5/2022,"23,565","24,883","23,802"
8/5/2022,"23,565","24,883","23,802"
9/5/2022,"23,604","24,817","23,740"
10/5/2022,"23,696","24,930","23,847"
11/5/2022,"23,788","25,034","23,947"
12/5/2022,"23,625","24,983","23,875"
13/05/2022,"23,492","24,654","23,584"
14/05/2022,"23,492","24,654","23,584"
15/05/2022,"23,492","24,654","23,584"
16/05/2022,"23,527","24,723","23,650"
17/05/2022,"23,645","24,892","23,811"
18/05/2022,"23,777","25,115","24,025"
19/05/2022,"23,711","24,976","23,892"
20/05/2022,"23,958","25,216","24,122"
21/05/2022,"23,958","25,216","24,122"
22/05/2022,"23,958","25,216","24,122"
23/05/2022,"24,037","25,238","24,142"
24/05/2022,"24,338","25,587","24,476"
25/05/2022,"24,256","25,565","24,456"
26/05/2022,"24,248","25,535","24,427"
27/05/2022,"24,406","25,621","24,509"
28/05/2022,"24,406","25,621","24,509"
29/05/2022,"24,406","25,621","24,509"
30/05/2022,"24,370","25,598","24,487"
31/05/2022,"24,374","25,641","24,528"
1/6/2022,"24,343","25,583","24,473"
2/6/2022,"24,265","25,436","24,332"
3/6/2022,"24,390","25,676","24,562"
4/6/2022,"24,390","25,676","24,562"
5/6/2022,"24,390","25,676","24,562"
6/6/2022,"24,317","25,556","24,468"
7/6/2022,"24,242","25,488","24,382"
8/6/2022,"24,247","25,520","24,412"
9/6/2022,"24,252","25,553","24,444"
10/6/2022,"24,102","25,303","24,205"
11/6/2022,"24,102","25,303","24,205"
12/6/2022,"24,102","25,303","24,205"
13/06/2022,"23,789","25,029","23,943"
14/06/2022,"23,747","24,858","23,780"
15/06/2022,"23,810","24,919","23,838"
16/06/2022,"23,613","25,002","23,863"
17/06/2022,"23,908","25,192","24,099"
18/06/2022,"23,908","25,192","24,099"
19/06/2022,"23,908","25,192","24,099"
20/06/2022,"23,892","25,080","23,991"
21/06/2022,"23,957","25,158","24,067"
22/06/2022,"23,854","25,087","23,999"
23/06/2022,"23,875","25,282","24,185"
24/06/2022,"23,937","25,162","24,070"
25/06/2022,"23,937","25,162","24,070"
26/06/2022,"23,937","25,162","24,070"
27/06/2022,"24,062","25,272","24,175"
28/06/2022,"24,062","25,296","24,198"
29/06/2022,"23,909","25,120","24,030"
30/06/2022,"23,761","25,031","23,945"
1/7/2022,"23,796","25,084","23,996"
2/7/2022,"23,796","25,084","23,996"
3/7/2022,"23,796","25,084","23,996"
4/7/2022,"23,752","25,049","23,962"
5/7/2022,"23,757","25,061","23,974"
6/7/2022,"23,432","24,657","23,587"
7/7/2022,"23,258","24,492","23,429"
8/7/2022,"23,071","24,452","23,321"
9/7/2022,"23,071","24,452","23,321"
10/7/2022,"23,071","24,452","23,321"
11/7/2022,"23,069","24,393","23,319"
12/7/2022,"22,874","24,112","23,066"
13/07/2022,"22,879","24,134","23,087"
14/07/2022,"22,932","24,097","23,051"
15/07/2022,"22,962","24,198","23,148"
16/07/2022,"22,962","24,198","23,148"
17/07/2022,"22,962","24,198","23,148"
18/07/2022,"23,239","24,331","23,276"
19/07/2022,"23,360","24,472","23,410"
20/07/2022,"23,470","24,678","23,608"
21/07/2022,"23,357","24,546","23,481"
22/07/2022,"23,243","24,579","23,493"
23/07/2022,"23,243","24,579","23,493"
24/07/2022,"23,243","24,579","23,493"
25/07/2022,"23,343","24,560","23,495"
26/07/2022,"23,334","24,569","23,503"
27/07/2022,"23,168","24,352","23,295"
28/07/2022,"23,302","24,490","23,427"
29/07/2022,"23,377","24,601","23,533"
30/07/2022,"23,377","24,601","23,533"
31/07/2022,"23,377","24,601","23,533"
1/8/2022,"23,319","24,547","23,482"
2/8/2022,"23,342","24,721","23,592"
3/8/2022,"23,274","24,479","23,417"
4/8/2022,"23,263","24,485","23,423"
5/8/2022,"23,389","24,641","23,571"
6/8/2022,"23,389","24,641","23,571"
7/8/2022,"23,389","24,641","23,571"
8/8/2022,"23,329","24,459","23,398"
9/8/2022,"23,371","24,517","23,453"
10/8/2022,"23,359","24,553","23,488"
11/8/2022,"23,519","24,789","23,713"
12/8/2022,"23,592","24,813","23,736"
13/08/2022,"23,592","24,813","23,736"
14/08/2022,"23,592","24,813","23,736"
15/08/2022,"23,415","24,698","23,627"
16/08/2022,"23,228","24,441","23,380"
17/08/2022,"23,238","24,484","23,422"
18/08/2022,"23,236","24,438","23,378"
19/08/2022,"23,053","24,268","23,215"
20/08/2022,"23,053","24,268","23,215"
21/08/2022,"23,053","24,268","23,215"
22/08/2022,"22,868","24,138","23,091"
23/08/2022,"22,713","23,943","22,904"
24/08/2022,"22,800","24,018","22,976"
25/08/2022,"22,879","24,144","23,096"
26/08/2022,"22,823","24,019","22,977"
27/08/2022,"22,823","24,019","22,977"
28/08/2022,"22,823","24,019","22,977"
29/08/2022,"22,751","23,912","22,874"
30/08/2022,"22,930","24,258","23,067"
31/08/2022,"22,934","24,272","23,140"
1/9/2022,"22,934","24,272","23,140"
2/9/2022,"22,934","24,272","23,140"
3/9/2022,"22,934","24,272","23,140"
4/9/2022,"22,934","24,272","23,140"
5/9/2022,"22,801","24,148","22,946"
6/9/2022,"22,955","24,282","23,080"
7/9/2022,"22,856","24,204","22,972"
8/9/2022,"22,952","24,290","23,143"
9/9/2022,"23,217","24,555","23,280"
10/9/2022,"23,217","24,555","23,280"
11/9/2022,"23,217","24,555","23,280"
12/9/2022,"23,391","24,714","23,346"
13/09/2022,"23,259","24,692","23,491"
14/09/2022,"22,947","24,319","23,187"
15/09/2022,"22,966","24,339","23,162"
16/09/2022,"22,992","24,374","23,142"
17/09/2022,"22,992","24,374","23,142"
18/09/2022,"22,992","24,374","23,142"
19/09/2022,"22,985","24,447","23,135"
20/09/2022,"23,164","24,536","23,389"
21/09/2022,"22,860","24,232","23,010"
22/09/2022,"22,793","24,165","22,908"
23/09/2022,"22,587","23,960","22,737"
24/09/2022,"22,587","23,960","22,737"
25/09/2022,"22,587","23,960","22,737"
26/09/2022,"22,374","23,755","22,547"
27/09/2022,"22,245","23,617","22,395"
28/09/2022,"22,151","23,533","22,319"
29/09/2022,"22,438","23,821","22,605"
30/09/2022,"22,859","24,234","23,028"
1/10/2022,"22,859","24,234","23,028"
2/10/2022,"22,859","24,234","23,028"
3/10/2022,"22,795","24,169","22,945"
4/10/2022,"22,961","24,335","23,097"
5/10/2022,"23,179","24,553","23,414"
6/10/2022,"23,083","24,457","23,303"
7/10/2022,"22,801","24,174","23,040"
8/10/2022,"22,801","24,174","23,040"
9/10/2022,"22,801","24,174","23,040"
10/10/2022,"22,565","23,934","22,715"
11/10/2022,"22,613","23,987","22,832"
12/10/2022,"22,728","24,112","22,905"
13/10/2022,"22,879","24,283","22,946"
14/10/2022,"22,872","24,280","23,022"
15/10/2022,"22,872","24,280","23,022"
16/10/2022,"22,872","24,280","23,022"
17/10/2022,"23,076","24,490","23,278"
18/10/2022,"23,445","24,842","23,653"
19/10/2022,"23,489","24,886","23,639"
20/10/2022,"23,353","24,751","23,554"
21/10/2022,"23,565","25,001","23,715"
22/10/2022,"23,565","25,001","23,715"
23/10/2022,"23,565","25,001","23,715"
24/10/2022,"23,842","25,256","23,956"
25/10/2022,"23,964","25,381","24,090"
26/10/2022,"24,330","25,741","24,331"
27/10/2022,"24,312","25,749","24,530"
28/10/2022,"24,112","25,428","24,182"
29/10/2022,"24,112","25,428","24,182"
30/10/2022,"24,112","25,428","24,182"
31/10/2022,"24,051","25,335","24,265"
1/11/2022,"24,051","25,356","24,177"
2/11/2022,"23,965","25,260","24,177"
3/11/2022,"23,708","25,153","23,942"
4/11/2022,"23,744","25,196","23,878"
5/11/2022,"23,744","25,196","23,878"
6/11/2022,"23,744","25,196","23,878"
7/11/2022,"24,172","25,621","24,322"
8/11/2022,"24,291","25,738","24,508"
9/11/2022,"24,418","25,865","24,642"
10/11/2022,"24,233","25,678","24,383"
11/11/2022,"24,818","26,268","24,977"
12/11/2022,"24,818","26,268","24,977"
13/11/2022,"24,818","26,268","24,977"
14/11/2022,"24,970","26,421","25,122"
15/11/2022,"25,137","26,589","25,203"
16/11/2022,"25,176","26,617","25,307"
17/11/2022,"25,188","26,629","25,351"
18/11/2022,"25,144","26,574","25,340"
19/11/2022,"25,144","26,574","25,340"
20/11/2022,"25,144","26,574","25,340"
21/11/2022,"24,811","26,247","24,961"
22/11/2022,"24,905","26,348","25,042"
23/11/2022,"25,082","26,518","25,187"
24/11/2022,"25,286","26,721","25,458"
25/11/2022,"25,192","26,644","25,397"
26/11/2022,"25,192","26,644","25,397"
27/11/2022,"25,192","26,644","25,397"
28/11/2022,"25,387","26,828","25,213"
29/11/2022,"25,060","26,500","25,248"
30/11/2022,"24,875","26,336","25,066"
1/12/2022,"24,947","26,418","25,151"
2/12/2022,"24,744","26,235","24,946"
3/12/2022,"24,744","26,235","24,946"
4/12/2022,"24,744","26,235","24,946"
5/12/2022,"24,673","26,226","24,824"
6/12/2022,"24,568","26,006","24,788"
7/12/2022,"24,442","25,921","24,554"
8/12/2022,"24,354","25,827","24,568"
9/12/2022,"24,250","25,737","24,496"
10/12/2022,"24,250","25,737","24,496"
11/12/2022,"24,250","25,737","24,496"
12/12/2022,"24,489","25,977","24,731"
13/12/2022,"24,315","25,771","24,505"
14/12/2022,"24,453","25,919","24,590"
15/12/2022,"24,411","25,867","24,623"
16/12/2022,"24,496","25,952","24,688"
17/12/2022,"24,496","25,952","24,688"
18/12/2022,"24,496","25,952","24,688"
19/12/2022,"24,591","26,048","24,688"
20/12/2022,"24,678","26,136","24,760"
21/12/2022,"24,631","26,067","24,760"
22/12/2022,"24,546","26,013","24,779"
23/12/2022,"24,405","25,872","24,645"
24/12/2022,"24,405","25,872","24,645"
25/12/2022,"24,405","25,872","24,645"
26/12/2022,"24,487","25,949","24,705"
27/12/2022,"24,543","25,999","24,704"
28/12/2022,"24,535","25,992","24,699"
29/12/2022,"24,472","25,939","24,622"
30/12/2022,"24,448","25,905","24,598"
31/12/2022,"24,448","25,905","24,598"
1/1/2023,"24,448","25,905","24,598"
2/1/2023,"24,591","26,063","24,719"
3/1/2023,"24,238","25,704","24,446"
4/1/2023,"24,382","25,828","24,429"
5/1/2023,"24,340","25,785","24,553"
6/1/2023,"24,104","25,548","24,291"
7/1/2023,"24,104","25,548","24,291"
8/1/2023,"24,104","25,548","24,291"
9/1/2023,"24,488","25,912","24,652"
10/1/2023,"24,571","25,995","24,746"
11/1/2023,"24,625","26,049","24,787"
12/1/2023,"24,625","26,049","24,836"
13/01/2023,"24,852","26,277","25,053"
14/01/2023,"24,852","26,277","25,053"
15/01/2023,"24,852","26,277","25,053"
16/01/2023,"24,809","26,233","24,930"
17/01/2023,"24,809","26,233","24,922"
18/01/2023,"24,833","26,247","24,848"
19/01/2023,"24,807","26,221","24,974"
20/01/2023,"24,807","26,221","24,974"
21/01/2023,"24,807","26,221","24,974"
22/01/2023,"24,807","26,221","24,974"
23/01/2023,"24,978","26,392","24,974"
24/01/2023,"24,978","26,392","24,974"
25/01/2023,"24,978","26,392","24,974"
26/01/2023,"24,978","26,392","24,974"
27/01/2023,"24,989","26,403","25,110"
28/01/2023,"24,989","26,403","25,110"
29/01/2023,"24,989","26,403","25,110"
30/01/2023,"24,969","26,383","25,067"
31/01/2023,"24,781","26,193","24,931"
1/2/2023,"24,889","26,302","25,067"
2/2/2023,"25,240","26,653","25,440"
3/2/2023,"24,965","26,379","25,145"
4/2/2023,"24,965","26,379","25,145"
5/2/2023,"24,965","26,379","25,145"
6/2/2023,"24,751","26,176","24,919"
7/2/2023,"24,753","26,221","24,872"
8/2/2023,"24,753","26,178","24,912"
9/2/2023,"24,721","26,156","24,901"
10/2/2023,"24,715","26,140","24,883"
11/2/2023,"24,715","26,140","24,883"
12/2/2023,"24,715","26,140","24,883"
13/02/2023,"24,572","25,997","24,802"
14/02/2023,"24,816","26,241","24,921"
15/02/2023,"24,753","26,177","24,918"
16/02/2023,"24,720","26,146","24,928"
17/02/2023,"24,812","26,258","24,920"
18/02/2023,"24,812","26,258","24,920"
20/02/2023,"24,797","26,265","24,981"
21/02/2023,"24,674","26,132","24,889"
22/02/2023,"24,768","26,176","24,918"
23/02/2023,"24,688","26,095","24,866"
24/02/2023,"24,677","26,058","24,811"
25/02/2023,"24,677","26,058","24,811"
26/02/2023,"24,677","26,058","24,811"
27/02/2023,"24,566","25,941","24,736"
28/02/2023,"24,652","26,038","24,771"
1/3/2023,"24,632","26,013","24,696"
2/3/2023,"24,715","26,095","24,821"
3/3/2023,"24,608","25,989","24,767"
4/3/2023,"24,608","25,989","24,767"
5/3/2023,"24,608","25,989","24,767"
6/3/2023,"24,625","26,010","24,833"
7/3/2023,"24,681","26,061","24,844"
8/3/2023,"24,451","25,826","24,592"
9/3/2023,"24,435","25,810","24,595"
10/3/2023,"24,519","25,899","24,650"
11/3/2023,"24,519","25,899","24,650"
12/3/2023,"24,519","25,899","24,650"
13/03/2023,"24,582","25,962","24,748"
14/03/2023,"24,688","26,068","24,822"
15/03/2023,"24,652","26,026","24,782"
16/03/2023,"24,482","25,856","24,586"
17/03/2023,"24,587","25,962","24,630"
18/03/2023,"24,587","25,962","24,630"
19/03/2023,"24,587","25,962","24,630"
20/03/2023,"24,582","25,956","24,742"
21/03/2023,"24,717","26,091","24,830"
22/03/2023,"24,772","26,146","24,916"
23/03/2023,"25,014","26,388","25,144"
24/03/2023,"24,789","26,163","24,919"
25/03/2023,"24,789","26,163","24,919"
26/03/2023,"24,789","26,163","24,919"
27/03/2023,"24,716","26,090","24,909"
28/03/2023,"24,837","26,211","25,001"
29/03/2023,"24,897","26,285","25,025"
30/03/2023,"24,887","26,272","25,100"
31/03/2023,"24,979","26,365","25,117"
1/4/2023,"24,979","26,365","25,117"
2/4/2023,"24,979","26,365","25,117"
3/4/2023,"24,828","26,203","25,046"
4/4/2023,"25,006","26,380","25,198"
5/4/2023,"25,149","26,524","25,284"
6/4/2023,"24,967","26,341","25,161"
7/4/2023,"25,038","26,412","25,191"
8/4/2023,"25,038","26,412","25,191"
9/4/2023,"25,038","26,412","25,191"
10/4/2023,"25,038","26,407","25,166"
11/4/2023,"25,034","26,403","25,110"
12/4/2023,"25,099","26,373","25,214"
13/04/2023,"25,295","26,664","25,351"
14/04/2023,"25,368","26,737","25,544"
15/04/2023,"25,368","26,737","25,544"
16/04/2023,"25,368","26,737","25,544"
17/04/2023,"25,208","26,583","25,362"
18/04/2023,"25,189","26,564","25,282"
19/04/2023,"25,167","26,542","25,347"
20/04/2023,"25,173","26,548","25,324"
21/04/2023,"25,178","26,553","25,352"
22/04/2023,"25,178","26,553","25,352"
23/04/2023,"25,178","26,553","25,352"
24/04/2023,"25,240","26,615","25,370"
25/04/2023,"25,331","26,705","25,461"
26/04/2023,"25,300","26,674","25,358"
27/04/2023,"25,351","26,725","25,514"
28/04/2023,"25,277","26,652","25,414"
29/04/2023,"25,277","26,652","25,414"
30/04/2023,"25,277","26,652","25,414"
1/5/2023,"25,277","26,652","25,414"
2/5/2023,"25,205","26,580","25,414"
3/5/2023,"25,294","26,668","25,414"
4/5/2023,"25,332","26,706","25,482"
5/5/2023,"25,332","26,706","25,438"
6/5/2023,"25,332","26,706","25,438"
7/5/2023,"25,332","26,706","25,438"
8/5/2023,"25,332","26,686","25,447"
9/5/2023,"25,215","26,569","25,371"
10/5/2023,"25,146","26,500","25,340"
11/5/2023,"25,145","26,500","25,250"
12/5/2023,"25,048","26,402","25,215"
13/05/2023,"25,048","26,402","25,215"
14/05/2023,"25,048","26,402","25,215"
15/05/2023,"24,898","26,202","25,090"
16/05/2023,"24,980","26,284","25,104"
17/05/2023,"24,899","26,203","25,086"
18/05/2023,"24,814","26,118","24,958"
19/05/2023,"24,698","26,002","24,892"
20/05/2023,"24,698","26,002","24,892"
21/05/2023,"24,698","26,002","24,892"
22/05/2023,"24,818","26,122","24,927"
23/05/2023,"24,768","26,072","24,923"
24/05/2023,"24,768","26,078","24,918"
25/05/2023,"24,654","25,959","24,809"
26/05/2023,"24,654","25,959","24,790"
27/05/2023,"24,654","25,959","24,790"
28/05/2023,"24,654","25,959","24,790"
29/05/2023,"24,649","25,953","24,775"
30/05/2023,"24,610","25,914","24,715"
31/05/2023,"24,518","25,772","24,687"
1/6/2023,"24,508","25,761","24,648"
2/6/2023,"24,701","25,955","24,863"
3/6/2023,"24,701","25,955","24,863"
4/6/2023,"24,701","25,955","24,863"
5/6/2023,"24,570","25,823","24,750"
6/6/2023,"24,552","25,806","24,761"
7/6/2023,"24,552","25,806","24,737"
8/6/2023,"24,635","25,889","24,751"
9/6/2023,"24,754","26,007","24,893"
10/6/2023,"24,754","26,007","24,893"
11/6/2023,"24,754","26,007","24,893"
12/6/2023,"24,754","26,008","24,802"
13/06/2023,"24,771","26,025","24,890"
14/06/2023,"24,776","26,030","24,954"
15/06/2023,"24,909","26,164","25,027"
16/06/2023,"25,169","26,424","25,379"
17/06/2023,"25,169","26,424","25,379"
18/06/2023,"25,169","26,424","25,379"
19/06/2023,"25,169","26,424","25,309"
20/06/2023,"25,169","26,424","25,317"
21/06/2023,"25,169","26,424","25,277"
22/06/2023,"25,281","26,536","25,418"
23/06/2023,"25,003","26,258","25,155"
24/06/2023,"25,003","26,258","25,155"
25/06/2023,"25,003","26,258","25,155"
26/06/2023,"25,087","26,341","25,254"
27/06/2023,"25,181","26,436","25,258"
28/06/2023,"25,214","26,468","25,366"
29/06/2023,"25,119","26,374","25,277"
30/06/2023,"25,046","26,301","25,180"
1/7/2023,"25,046","26,301","25,180"
2/7/2023,"25,046","26,301","25,180"
3/7/2023,"25,261","26,527","25,348"
4/7/2023,"25,261","26,527","25,417"
5/7/2023,"25,337","26,598","25,442"
6/7/2023,"25,215","26,475","25,312"
7/7/2023,"25,139","26,405","25,312"
8/7/2023,"25,139","26,405","25,312"
9/7/2023,"25,139","26,405","25,312"
10/7/2023,"25,376","26,642","25,485"
11/7/2023,"25,515","26,782","25,657"
12/7/2023,"25,504","26,766","25,688"
13/07/2023,"25,788","27,044","25,962"
14/07/2023,"25,957","27,219","26,070"
15/07/2023,"25,957","27,219","26,070"
16/07/2023,"25,957","27,219","26,070"
17/07/2023,"25,968","27,230","26,145"
18/07/2023,"26,046","27,302","26,219"
19/07/2023,"25,968","27,225","26,111"
20/07/2023,"25,943","27,299","26,103"
21/07/2023,"25,780","27,136","25,900"
22/07/2023,"25,780","27,136","25,900"
23/07/2023,"25,780","27,136","25,900"
24/07/2023,"25,687","27,044","25,903"
25/07/2023,"25,606","26,961","25,750"
26/07/2023,"25,622","26,978","25,709"
27/07/2023,"25,735","27,091","25,819"
28/07/2023,"25,441","26,797","25,561"
29/07/2023,"25,441","26,797","25,561"
30/07/2023,"25,441","26,797","25,561"
31/07/2023,"25,548","26,904","25,684"
1/8/2023,"25,469","26,831","25,573"
2/8/2023,"25,533","26,794","25,655"
3/8/2023,"25,430","26,691","25,521"
4/8/2023,"25,443","26,704","25,554"
5/8/2023,"25,443","26,704","25,554"
6/8/2023,"25,443","26,704","25,554"
7/8/2023,"25,516","26,782","25,615"
8/8/2023,"25,532","26,793","25,632"
9/8/2023,"25,566","26,827","25,603"
10/8/2023,"25,643","26,904","25,629"
11/8/2023,"25,573","26,835","25,671"
12/8/2023,"25,573","26,835","25,671"
13/08/2023,"25,573","26,835","25,671"
14/08/2023,"25,559","26,810","25,676"
15/08/2023,"25,718","26,968","25,849"
16/08/2023,"25,656","26,907","25,741"
17/08/2023,"25,423","26,673","25,608"
18/08/2023,"25,361","26,623","25,505"
19/08/2023,"25,361","26,623","25,505"
20/08/2023,"25,361","26,623","25,505"
21/08/2023,"25,426","26,688","25,489"
22/08/2023,"25,563","26,803","25,722"
23/08/2023,"25,440","26,729","25,586"
24/08/2023,"25,558","26,847","25,688"
25/08/2023,"25,418","26,707","25,561"
26/08/2023,"25,418","26,707","25,561"
27/08/2023,"25,418","26,707","25,561"
28/08/2023,"25,549","26,889","25,676"
29/08/2023,"25,639","26,979","25,769"
30/08/2023,"25,782","27,122","25,913"
31/08/2023,"25,684","27,029","25,828"
1/9/2023,"25,635","26,981","25,765"
2/9/2023,"25,635","26,981","25,765"
3/9/2023,"25,635","26,981","25,765"
4/9/2023,"25,635","26,981","25,765"
5/9/2023,"25,358","26,703","25,481"
6/9/2023,"25,289","26,628","25,436"
7/9/2023,"25,280","26,620","25,412"
8/9/2023,"25,284","26,623","25,423"
9/9/2023,"25,284","26,623","25,423"
10/9/2023,"25,284","26,623","25,423"
11/9/2023,"25,320","26,664","25,468"
12/9/2023,"25,331","26,670","25,477"
13/09/2023,"25,416","26,758","25,559"
14/09/2023,"25,479","26,825","25,629"
15/09/2023,"25,376","26,720","25,416"
16/09/2023,"25,376","26,720","25,416"
17/09/2023,"25,376","26,720","25,416"
18/09/2023,"25,503","26,854","25,570"
19/09/2023,"25,567","26,919","25,624"
20/09/2023,"25,478","26,829","25,584"
21/09/2023,"25,405","26,755","25,451"
22/09/2023,"25,407","26,763","25,534"
23/09/2023,"25,407","26,763","25,534"
24/09/2023,"25,407","26,763","25,534"
25/09/2023,"25,412","26,758","25,539"
26/09/2023,"25,318","26,664","25,427"
27/09/2023,"25,227","26,572","25,333"
28/09/2023,"25,169","26,515","25,246"
29/09/2023,"25,265","26,626","25,353"
30/09/2023,"25,265","26,626","25,353"
1/10/2023,"25,265","26,626","25,353"
2/10/2023,"25,163","26,513","25,307"
3/10/2023,"25,064","26,409","25,120"
4/10/2023,"25,122","26,467","25,134"
5/10/2023,"25,129","26,471","25,236"
6/10/2023,"25,217","26,562","25,279"
7/10/2023,"25,217","26,562","25,279"
8/10/2023,"25,217","26,562","25,279"
9/10/2023,"25,192","26,532","25,357"
10/10/2023,"25,392","26,738","25,396"
11/10/2023,"25,420","26,766","25,492"
12/10/2023,"25,448","26,791","25,588"
13/10/2023,"25,299","26,644","25,439"
14/10/2023,"25,299","26,644","25,439"
15/10/2023,"25,299","26,644","25,439"
16/10/2023,"25,275","26,620","25,415"
17/10/2023,"25,336","26,681","25,476"
18/10/2023,"25,452","26,803","25,615"
19/10/2023,"25,381","26,726","25,514"
20/10/2023,"25,459","26,805","25,592"
21/10/2023,"25,459","26,805","25,592"
22/10/2023,"25,459","26,805","25,592"
23/10/2023,"25,572","26,919","25,740"
24/10/2023,"25,625","26,971","25,771"
25/10/2023,"25,457","26,804","25,598"
26/10/2023,"25,441","26,787","25,590"
27/10/2023,"25,448","26,789","25,591"
28/10/2023,"25,448","26,789","25,591"
29/10/2023,"25,448","26,789","25,591"
30/10/2023,"25,487","26,830","25,525"
31/10/2023,"25,627","26,968","25,661"
1/11/2023,"25,429","26,770","25,571"
2/11/2023,"25,591","26,937","25,641"
3/11/2023,"25,567","26,924","25,700"
4/11/2023,"25,567","26,924","25,700"
5/11/2023,"25,567","26,924","25,700"
6/11/2023,"25,642","27,014","25,732"
7/11/2023,"25,508","26,859","25,607"
8/11/2023,"25,476","26,827","25,627"
9/11/2023,"25,541","26,903","25,640"
10/11/2023,"25,428","26,779","25,519"
11/11/2023,"25,428","26,779","25,519"
12/11/2023,"25,428","26,779","25,519"
13/11/2023,"25,577","26,928","25,650"
14/11/2023,"25,585","26,931","25,680"
15/11/2023,"25,822","27,168","25,977"
16/11/2023,"25,864","27,210","25,900"
17/11/2023,"25,824","27,170","25,914"
18/11/2023,"25,824","27,170","25,914"
19/11/2023,"25,824","27,170","25,914"
20/11/2023,"25,937","27,283","25,989"
21/11/2023,"25,899","27,245","25,992"
22/11/2023,"25,855","27,200","25,952"
23/11/2023,"25,932","27,283","25,990"
24/11/2023,"25,978","27,324","26,022"
25/11/2023,"25,978","27,324","26,022"
26/11/2023,"25,978","27,324","26,022"
27/11/2023,"26,046","27,396","26,141"
28/11/2023,"26,049","27,389","26,120"
29/11/2023,"26,132","27,495","26,218"
30/11/2023,"26,035","27,381","26,210"
1/12/2023,"25,966","27,312","26,052"
2/12/2023,"25,966","27,312","26,052"
3/12/2023,"25,966","27,312","26,052"
4/12/2023,"25,863","27,208","25,920"
5/12/2023,"25,806","27,152","25,887"
6/12/2023,"25,697","27,043","25,742"
7/12/2023,"25,666","27,012","25,711"
8/12/2023,"25,613","26,958","25,723"
9/12/2023,"25,613","26,958","25,723"
10/12/2023,"25,613","26,958","25,723"
11/12/2023,"25,583","26,933","25,669"
12/12/2023,"25,664","27,010","25,811"
13/12/2023,"25,688","27,032","25,827"
14/12/2023,"25,943","27,288","26,025"
15/12/2023,"26,087","27,432","26,236"
16/12/2023,"26,087","27,432","26,236"
17/12/2023,"26,087","27,432","26,236"
18/12/2023,"26,086","27,448","26,245"
19/12/2023,"26,157","27,508","26,303"
20/12/2023,"26,166","27,512","26,306"
21/12/2023,"26,112","27,464","26,255"
22/12/2023,"26,167","27,519","26,309"
23/12/2023,"26,167","27,519","26,309"
24/12/2023,"26,167","27,519","26,309"
25/12/2023,"26,211","27,574","26,339"
26/12/2023,"26,255","27,617","26,421"
27/12/2023,"26,368","27,731","26,526"
28/12/2023,"26,458","27,821","26,599"
29/12/2023,"26,266","27,629","26,437"
30/12/2023,"26,266","27,629","26,437"
31/12/2023,"26,266","27,629","26,437"
1/1/2024,"26,265","27,637","26,086"
2/1/2024,"26,346","27,692","26,468"
3/1/2024,"26,164","27,510","26,304"
4/1/2024,"26,201","27,547","26,329"
5/1/2024,"26,111","27,457","26,255"
6/1/2024,"26,111","27,457","26,255"
7/1/2024,"26,111","27,457","26,255"
8/1/2024,"26,090","27,436","26,236"
9/1/2024,"26,136","27,487","26,299"
10/1/2024,"26,217","27,569","26,357"
11/1/2024,"26,310","27,662","26,480"
12/1/2024,"26,352","27,715","26,496"
13/01/2024,"26,352","27,715","26,496"
14/01/2024,"26,352","27,715","26,496"
15/01/2024,"26,281","27,633","26,441"
16/01/2024,"26,213","27,564","26,394"
17/01/2024,"26,141","27,493","26,288"
18/01/2024,"26,179","27,531","26,340"
19/01/2024,"26,181","27,527","26,339"
20/01/2024,"26,181","27,527","26,339"
21/01/2024,"26,181","27,527","26,339"
22/01/2024,"26,228","27,584","26,379"
23/01/2024,"26,228","27,579","26,111"
24/01/2024,"26,257","27,603","26,379"
25/01/2024,"26,307","27,654","26,457"
26/01/2024,"26,162","27,508","26,302"
27/01/2024,"26,162","27,508","26,302"
28/01/2024,"26,162","27,508","26,302"
29/01/2024,"26,060","27,412","26,213"
30/01/2024,"25,872","27,223","26,013"
31/01/2024,"25,931","27,287","26,060"
1/2/2024,"25,829","27,180","25,980"
2/2/2024,"25,961","27,323","26,121"
3/2/2024,"25,961","27,323","26,121"
4/2/2024,"25,961","27,323","26,121"
5/2/2024,"25,720","27,071","25,860"
6/2/2024,"25,660","27,011","25,783"
7/2/2024,"25,757","27,124","25,847"
8/2/2024,"25,789","27,156","25,662"
9/2/2024,"25,780","27,147","25,652"
10/2/2024,"25,780","27,147","25,652"
11/2/2024,"25,780","27,147","25,652"
12/2/2024,"25,788","27,155","25,656"
13/02/2024,"25,762","27,129","25,637"
14/02/2024,"25,606","26,973","25,478"
15/02/2024,"25,729","27,074","25,810"
16/02/2024,"25,917","27,275","26,015"
17/02/2024,"25,917","27,275","26,015"
18/02/2024,"25,917","27,275","26,015"
19/02/2024,"25,942","27,293","26,030"
20/02/2024,"25,913","27,264","26,019"
21/02/2024,"25,963","27,315","26,071"
22/02/2024,"26,220","27,572","26,284"
23/02/2024,"26,166","27,539","26,264"
24/02/2024,"26,166","27,539","26,264"
25/02/2024,"26,166","27,539","26,264"
26/02/2024,"26,235","27,598","26,316"
27/02/2024,"26,220","27,581","26,334"
28/02/2024,"26,104","27,461","26,213"
29/02/2024,"26,218","27,570","26,282"
1/3/2024,"26,133","27,484","26,208"
